{"cameraMode":{"drawMode":0,"name":"Shaded","section":"Shading Mode"},"sceneLighting":true,"audioPlay":false,"sceneViewState":{"m_AlwaysRefresh":false,"showFog":true,"showSkybox":true,"showFlares":true,"showImageEffects":true,"showParticleSystems":true,"showVisualEffectGraphs":true,"m_FxEnabled":true},"in2DMode":false,"pivot":{"x":-6.497998237609863,"y":6.061826705932617,"z":0.23788738250732423},"rotation":{"x":-0.3341727554798126,"y":-0.10376866906881333,"z":0.03704580292105675,"w":-0.9360539317131043},"size":28.254833221435548,"orthographic":true}